{
    "cameraMatrix": "2021.971172325499, 0, 512, 0, 2022.340138191277, 384, 0, 0, 1",
    "distortionCoefficients": "-2.944586638160181, 6.990317433931837, 0, 0, 0",
    "rho0": 85.732,
    "imageWidth": 1024,
    "imageHeight": 768,
    "detectionsReturned": 3,
    "deadzoneRhoLimit": 32,
    "deadzoneThetaIntercept": 4,
    "mmm": -0.00067938,
    "mmb": 0.155755136,
    "rotation": 1.65,
    "convergentTheta": 0,
    "convergentRho": -2.1,
    "convergentPixelX": 502,
    "convergentPixelY": 367,
    "binThetaMax": 10.50,
    "binThetaMin": -10.50,
    "binRhoMax": 40.0,
    "binDepth": 50.5,
    "templateSlope": 0.21,
    "absPositionOffset": 2.02,
    "templateUpperLeftXY": "0, 263, 216, 1, 262, 215, 2, 261, 215, 3, 260, 214, 4, 259, 213, 5, 258, 213, 6, 257, 212, 7, 256, 211, 8, 254, 211, 9, 253, 210, 10, 252, 209, 11, 251, 208, 12, 250, 208, 13, 249, 207, 14, 248, 206, 15, 246, 205, 16, 245, 205, 17, 244, 204, 18, 243, 203, 19, 242, 202, 20, 240, 201, 21, 239, 201, 22, 238, 200, 23, 236, 199, 24, 235, 198, 25, 234, 197, 26, 232, 197, 27, 231, 196, 28, 230, 195, 29, 228, 194, 30, 227, 193, 31, 226, 192, 32, 224, 191, 33, 223, 191, 34, 221, 190, 35, 220, 189, 36, 218, 188, 37, 217, 187, 38, 216, 186, 39, 214, 185, 40, 213, 184, 41, 211, 183, 42, 209, 182, 43, 208, 181, 44, 206, 180, 45, 205, 179, 46, 203, 178, 47, 201, 177, 48, 200, 176, 49, 198, 175, 50, 196, 174, 51, 195, 173, 52, 193, 172, 53, 191, 170, 54, 189, 169, 55, 188, 168, 56, 186, 167, 57, 184, 166, 58, 182, 165, 59, 180, 163, 60, 178, 162, 61, 176, 161, 62, 174, 160, 63, 172, 159, 64, 171, 157, 65, 168, 156, 66, 166, 155, 67, 164, 153, 68, 162, 152, 69, 160, 151, 70, 158, 149, 71, 156, 148, 72, 153, 147, 73, 151, 145, 74, 149, 144, 75, 147, 142, 76, 144, 141, 77, 142, 139, 78, 140, 138, 79, 137, 136, 80, 135, 135, 81, 132, 133, 82, 130, 132, 83, 127, 130, 84, 125, 128, 85, 122, 127, 86, 119, 125, 87, 117, 123, 88, 114, 122, 89, 111, 120, 90, 108, 118, 91, 106, 116, 92, 103, 114, 93, 100, 113, 94, 97, 111, 95, 94, 109, 96, 91, 107, 97, 88, 105, 98, 84, 103, 99, 81, 101, 100, 78, 99",
	"camera2TinyGRhoOffset":30,
	"camera2TinyGThetaOffset":0,
	"isCameraAvailable":true,
	"isTinyGAvailable":true
}