{
    "cameraMatrix": "734.8007914163461, 0, 512, 0, 742.6150578888404, 384, 0, 0, 1",
    "distortionCoefficients": "-0.4389328754618377, 0.1595735830513995, 0, 0, 0",
    "rho0": 85.732,
    "imageWidth": 1024,
    "imageHeight": 768,
    "detectionsReturned": 3,
    "deadzoneRhoLimit": 32,
    "deadzoneThetaIntercept": 4,
    "mmm": -0.0006930,
    "mmb": 0.154004,
    "rotation": 0.0,
    "convergentTheta": 0,
    "convergentRho": 0,
    "convergentPixelX": 561,
    "convergentPixelY": 366,
    "binThetaMax": 10.50,
    "binThetaMin": -10.50,
    "binRhoMax": 40.0,
    "binDepth": 50.5,
    "templateSlope": 0.18,
    "templateUpperLeftXY": "0, 315, 218, 1, 314, 217, 2, 313, 216, 3, 312, 216, 4, 311, 215, 5, 310, 214, 6, 308, 214, 7, 307, 213, 8, 306, 212, 9, 305, 212, 10, 304, 211, 11, 303, 210, 12, 301, 209, 13, 300, 209, 14, 299, 208, 15, 298, 207, 16, 296, 206, 17, 295, 205, 18, 294, 205, 19, 292, 204, 20, 291, 203, 21, 290, 202, 22, 288, 201, 23, 287, 201, 24, 285, 200, 25, 284, 199, 26, 283, 198, 27, 281, 197, 28, 280, 196, 29, 278, 195, 30, 277, 195, 31, 275, 194, 32, 274, 193, 33, 272, 192, 34, 271, 191, 35, 269, 190, 36, 268, 189, 37, 266, 188, 38, 265, 187, 39, 263, 186, 40, 261, 185, 41, 260, 184, 42, 258, 183, 43, 256, 182, 44, 255, 181, 45, 253, 180, 46, 251, 179, 47, 249, 178, 48, 248, 177, 49, 246, 176, 50, 244, 175, 51, 242, 173, 52, 240, 172, 53, 238, 171, 54, 236, 170, 55, 234, 169, 56, 232, 168, 57, 230, 167, 58, 228, 165, 59, 226, 164, 60, 224, 163, 61, 222, 161, 62, 220, 160, 63, 218, 159, 64, 216, 158, 65, 214, 156, 66, 211, 155, 67, 209, 154, 68, 207, 152, 69, 204, 151, 70, 202, 149, 71, 200, 148, 72, 197, 146, 73, 195, 145, 74, 192, 144, 75, 190, 142, 76, 187, 141, 77, 185, 139, 78, 182, 137, 79, 180, 136, 80, 177, 134, 81, 174, 132, 82, 171, 131, 83, 169, 129, 84, 166, 127, 85, 163, 126, 86, 160, 124, 87, 157, 122, 88, 154, 120, 89, 151, 118, 90, 148, 117, 91, 145, 115, 92, 141, 113, 93, 138, 111, 94, 135, 109, 95, 132, 107, 96, 128, 105, 97, 125, 103, 98, 121, 100, 99, 118, 98, 100, 114, 96"
}